Type,ID,begin,end
S,#MiroslavaNemcova.1952,,
S,#LubomirZaoralek.1956,,
S,#MiroslavaNemcova.1952,,
T,ps2013-001-01-002-002.u1.p1.s1.w1,,
T,ps2013-001-01-002-002.u1.p1.s2.w1,,674360.0
T,ps2013-001-01-002-002.u1.p1.s2.w2,674360.0,675100.0
T,ps2013-001-01-002-002.u1.p2.s1.w1,675460.0,675780.0
T,ps2013-001-01-002-002.u1.p2.s1.w2,675790.0,675900.0
T,ps2013-001-01-002-002.u1.p2.s1.w4,675910.0,676140.0
T,ps2013-001-01-002-002.u1.p2.s1.w5,,
T,ps2013-001-01-002-002.u1.p2.s1.w6,,
T,ps2013-001-01-002-002.u1.p2.s1.w7,676150.0,676340.0
T,ps2013-001-01-002-002.u1.p2.s1.w8,676350.0,676870.0
T,ps2013-001-01-002-002.u1.p2.s1.w9,676870.0,676880.0
T,ps2013-001-01-002-002.u1.p2.s1.w10,676880.0,677410.0
T,ps2013-001-01-002-002.u1.p2.s1.w12,677640.0,677860.0
T,ps2013-001-01-002-002.u1.p2.s1.w13,677870.0,678180.0
T,ps2013-001-01-002-002.u1.p2.s1.w14,678190.0,678540.0
T,ps2013-001-01-002-002.u1.p2.s1.w15,678570.0,678800.0
T,ps2013-001-01-002-002.u1.p2.s1.w16,678810.0,679450.0
T,ps2013-001-01-002-002.u1.p2.s2.w1,679940.0,680360.0
T,ps2013-001-01-002-002.u1.p2.s2.w2,680370.0,680560.0
T,ps2013-001-01-002-002.u1.p2.s2.w3,680570.0,681100.0
T,ps2013-001-01-002-002.u1.p2.s2.w4,681260.0,681500.0
T,ps2013-001-01-002-002.u1.p2.s2.w5,682190.0,682520.0
T,ps2013-001-01-002-002.u1.p2.s2.w6,682520.0,682600.0
T,ps2013-001-01-002-002.u1.p2.s2.w7,682600.0,682950.0
T,ps2013-001-01-002-002.u1.p3.s1.w1,682960.0,683550.0
T,ps2013-001-01-002-002.u1.p3.s1.w2,683560.0,684010.0
T,ps2013-001-01-002-002.u1.p3.s1.w3,684020.0,684300.0
T,ps2013-001-01-002-002.u1.p3.s1.w4,684310.0,684970.0
T,ps2013-001-01-002-002.u1.p3.s1.w5,685020.0,685540.0
T,ps2013-001-01-002-002.u1.p3.s1.w6,685550.0,686230.0
T,ps2013-001-01-002-002.u1.p3.s1.w8,686240.0,686610.0
T,ps2013-001-01-002-002.u1.p3.s1.w9,686620.0,686790.0
T,ps2013-001-01-002-002.u1.p3.s1.w10,686800.0,687230.0
T,ps2013-001-01-002-002.u1.p3.s1.w11,687500.0,687940.0
T,ps2013-001-01-002-002.u1.p3.s1.w12,687950.0,688490.0
T,ps2013-001-01-002-002.u1.p3.s1.w13,688500.0,689190.0
T,ps2013-001-01-002-002.u1.p3.s1.w14,689200.0,689820.0
T,ps2013-001-01-002-002.u1.p3.s1.w15,689830.0,690290.0
T,ps2013-001-01-002-002.u1.p3.s1.w16,689190.0,690300.0
T,ps2013-001-01-002-002.u1.p3.s1.w17,690300.0,690940.0
T,ps2013-001-01-002-002.u1.p3.s1.w19,690950.0,691160.0
T,ps2013-001-01-002-002.u1.p3.s1.w20,691170.0,691670.0
T,ps2013-001-01-002-002.u1.p3.s1.w21,691680.0,692150.0
T,ps2013-001-01-002-002.u1.p3.s1.w22,692160.0,692570.0
T,ps2013-001-01-002-002.u1.p3.s1.w23,692580.0,693150.0
T,ps2013-001-01-002-002.u1.p3.s1.w25,693610.0,693750.0
T,ps2013-001-01-002-002.u1.p3.s1.w26,516570.0,516820.0
T,ps2013-001-01-002-002.u1.p3.s1.w27,694090.0,694700.0
T,ps2013-001-01-002-002.u1.p3.s1.w28,694740.0,695270.0
T,ps2013-001-01-002-002.u1.p3.s1.w29,695280.0,695920.0
T,ps2013-001-01-002-002.u1.p3.s1.w30,695930.0,696330.0
T,ps2013-001-01-002-002.u1.p3.s2.w1,696660.0,696970.0
T,ps2013-001-01-002-002.u1.p3.s2.w2,696980.0,697590.0
T,ps2013-001-01-002-002.u1.p3.s2.w3,697600.0,697790.0
T,ps2013-001-01-002-002.u1.p3.s2.w4,697800.0,698230.0
T,ps2013-001-01-002-002.u1.p3.s2.w5,698240.0,698320.0
T,ps2013-001-01-002-002.u1.p3.s2.w6,698330.0,698600.0
T,ps2013-001-01-002-002.u1.p3.s2.w7,698610.0,699050.0
T,ps2013-001-01-002-002.u1.p3.s3.w1,699410.0,699770.0
T,ps2013-001-01-002-002.u1.p3.s3.w2,699780.0,700020.0
T,ps2013-001-01-002-002.u1.p3.s3.w3,700030.0,700440.0
T,ps2013-001-01-002-002.u1.p3.s3.w4,700450.0,700600.0
T,ps2013-001-01-002-002.u1.p3.s3.w5,700610.0,701140.0
T,ps2013-001-01-002-002.u1.p3.s3.w6,701150.0,701520.0
T,ps2013-001-01-002-002.u1.p3.s3.w7,701530.0,702320.0
T,ps2013-001-01-002-002.u1.p3.s3.w8,702380.0,702720.0
T,ps2013-001-01-002-002.u1.p3.s3.w9,704050.0,704220.0
T,ps2013-001-01-002-002.u1.p3.s3.w10,704220.0,704230.0
T,ps2013-001-01-002-002.u1.p3.s3.w11,704220.0,704230.0
T,ps2013-001-01-002-002.u1.p3.s3.w12,704230.0,704950.0
T,ps2013-001-01-002-002.u1.p3.s3.w14,705560.0,705690.0
T,ps2013-001-01-002-002.u1.p3.s3.w15,705690.0,705700.0
T,ps2013-001-01-002-002.u1.p3.s3.w16,705690.0,705700.0
T,ps2013-001-01-002-002.u1.p3.s3.w17,705700.0,706100.0
T,ps2013-001-01-002-002.u1.p3.s3.w18,706110.0,707130.0
T,ps2013-001-01-002-002.u1.p3.s3.w19,707510.0,707570.0
T,ps2013-001-01-002-002.u1.p3.s3.w20,707580.0,707880.0
T,ps2013-001-01-002-002.u1.p3.s3.w21,707950.0,708700.0
T,ps2013-001-01-002-002.u1.p3.s3.w22,708920.0,709550.0
T,ps2013-001-01-002-002.u1.p3.s3.w23,709560.0,710020.0
T,ps2013-001-01-002-002.u1.p3.s3.w25,710030.0,710990.0
T,ps2013-001-01-002-002.u1.p3.s3.w27,711400.0,711860.0
T,ps2013-001-01-002-002.u1.p3.s3.w28,711970.0,712720.0
T,ps2013-001-01-002-002.u1.p3.s3.w29,712950.0,713430.0
T,ps2013-001-01-002-002.u1.p3.s4.w1,713840.0,714140.0
T,ps2013-001-01-002-002.u1.p3.s4.w2,714150.0,714420.0
T,ps2013-001-01-002-002.u1.p3.s4.w3,714430.0,715100.0
T,ps2013-001-01-002-002.u1.p3.s4.w4,715150.0,715750.0
T,ps2013-001-01-002-002.u1.p3.s5.w1,715760.0,716360.0
T,ps2013-001-01-002-002.u1.p3.s5.w2,716370.0,716570.0
T,ps2013-001-01-002-002.u1.p3.s5.w3,717260.0,717610.0
T,ps2013-001-01-002-002.u1.p3.s5.w4,717620.0,718530.0
T,ps2013-001-01-002-002.u1.p3.s5.w5,718770.0,719220.0
T,ps2013-001-01-002-002.u1.p3.s5.w6,719230.0,719520.0
T,ps2013-001-01-002-002.u1.p3.s5.w7,719530.0,719940.0
T,ps2013-001-01-002-002.u1.p3.s5.w8,719940.0,720020.0
T,ps2013-001-01-002-002.u1.p3.s5.w9,720020.0,720680.0
T,ps2013-001-01-002-002.u1.p3.s5.w10,720820.0,721620.0
T,ps2013-001-01-002-002.u1.p4.s1.w1,722110.0,722760.0
T,ps2013-001-01-002-002.u1.p4.s1.w2,722770.0,723060.0
T,ps2013-001-01-002-002.u1.p4.s1.w4,723070.0,723370.0
T,ps2013-001-01-002-002.u1.p4.s1.w5,723380.0,723410.0
T,ps2013-001-01-002-002.u1.p4.s1.w6,723420.0,723940.0
T,ps2013-001-01-002-002.u1.p4.s1.w8,723950.0,724160.0
T,ps2013-001-01-002-002.u1.p4.s1.w9,724170.0,724410.0
T,ps2013-001-01-002-002.u1.p4.s1.w10,724420.0,725000.0
T,ps2013-001-01-002-002.u1.p4.s1.w11,725010.0,725720.0
T,ps2013-001-01-002-002.u1.p4.s1.w12,725770.0,726430.0
T,ps2013-001-01-002-002.u1.p4.s1.w14,726550.0,726940.0
T,ps2013-001-01-002-002.u1.p4.s1.w16,726950.0,727350.0
T,ps2013-001-01-002-002.u1.p4.s1.w17,727360.0,727950.0
T,ps2013-001-01-002-002.u1.p4.s1.w18,727960.0,728480.0
T,ps2013-001-01-002-002.u1.p4.s1.w19,728820.0,729640.0
T,ps2013-001-01-002-002.u1.p4.s1.w20,729650.0,730050.0
T,ps2013-001-01-002-002.u1.p4.s1.w21,730060.0,730790.0
T,ps2013-001-01-002-002.u1.p4.s1.w22,731140.0,731360.0
T,ps2013-001-01-002-002.u1.p4.s1.w23,731370.0,731980.0
T,ps2013-001-01-002-002.u1.p4.s1.w24,731990.0,732390.0
T,ps2013-001-01-002-002.u1.p4.s1.w25,732490.0,732770.0
T,ps2013-001-01-002-002.u1.p4.s1.w26,733000.0,733610.0
T,ps2013-001-01-002-002.u1.p4.s1.w27,733710.0,734390.0
T,ps2013-001-01-002-002.u1.p4.s1.w28,734400.0,735120.0
T,ps2013-001-01-002-002.u1.p4.s1.w29,735380.0,736070.0
T,ps2013-001-01-002-002.u1.p5.s1.w1,736620.0,736970.0
T,ps2013-001-01-002-002.u1.p5.s1.w2,736980.0,737210.0
T,ps2013-001-01-002-002.u1.p5.s1.w3,737220.0,737700.0
T,ps2013-001-01-002-002.u1.p5.s1.w4,737710.0,737930.0
T,ps2013-001-01-002-002.u1.p5.s1.w5,737940.0,738530.0
T,ps2013-001-01-002-002.u1.p5.s1.w6,738540.0,738950.0
T,ps2013-001-01-002-002.u1.p5.s1.w7,738960.0,739830.0
T,ps2013-001-01-002-002.u1.p5.s1.w9,740090.0,740300.0
T,ps2013-001-01-002-002.u1.p5.s1.w10,,
T,ps2013-001-01-002-002.u1.p5.s1.w11,,
T,ps2013-001-01-002-002.u1.p5.s1.w12,740310.0,741130.0
T,ps2013-001-01-002-002.u1.p5.s1.w13,741130.0,741140.0
T,ps2013-001-01-002-002.u1.p5.s1.w14,741140.0,741950.0
T,ps2013-001-01-002-002.u1.p5.s1.w15,742000.0,742540.0
T,ps2013-001-01-002-002.u1.p5.s1.w16,742820.0,742950.0
T,ps2013-001-01-002-002.u1.p5.s1.w17,742960.0,743250.0
T,ps2013-001-01-002-002.u1.p5.s1.w18,612760.0,612910.0
T,ps2013-001-01-002-002.u1.p5.s1.w19,612950.0,613380.0
T,ps2013-001-01-002-002.u1.p5.s2.w1,743820.0,744040.0
T,ps2013-001-01-002-002.u1.p5.s2.w2,744050.0,744450.0
T,ps2013-001-01-002-002.u1.p5.s2.w3,744460.0,744910.0
T,ps2013-001-01-002-002.u1.p5.s2.w5,744920.0,745300.0
T,ps2013-001-01-002-002.u1.p5.s2.w6,,
T,ps2013-001-01-002-002.u1.p5.s2.w7,,
T,ps2013-001-01-002-002.u1.p5.s2.w8,745310.0,745920.0
T,ps2013-001-01-002-002.u2.p1.s1.w1,,755310.0
T,ps2013-001-01-002-002.u2.p1.s1.w2,755310.0,755640.0
T,ps2013-001-01-002-002.u2.p1.s1.w4,755650.0,755940.0
T,ps2013-001-01-002-002.u2.p1.s1.w5,755950.0,756430.0
T,ps2013-001-01-002-002.u2.p2.s1.w2,758160.0,758730.0
T,ps2013-001-01-002-002.u2.p2.s1.w3,758740.0,759250.0
T,ps2013-001-01-002-002.u2.p2.s1.w4,759310.0,759690.0
T,ps2013-001-01-002-002.u2.p2.s1.w5,759700.0,760440.0
T,ps2013-001-01-002-002.u2.p2.s1.w7,760720.0,761590.0
T,ps2013-001-01-002-002.u2.p2.s1.w9,616480.0,616840.0
T,ps2013-001-01-002-002.u2.p2.s1.w10,761820.0,762000.0
T,ps2013-001-01-002-002.u2.p2.s1.w11,762010.0,762650.0
T,ps2013-001-01-002-002.u2.p2.s1.w12,617090.0,617670.0
T,ps2013-001-01-002-002.u2.p2.s1.w13,762830.0,763640.0
T,ps2013-001-01-002-002.u2.p2.s1.w14,763650.0,763700.0
T,ps2013-001-01-002-002.u2.p2.s1.w15,763710.0,764530.0
T,ps2013-001-01-002-002.u2.p2.s2.w1,624250.0,624830.0
T,ps2013-001-01-002-002.u2.p2.s2.w2,765490.0,765560.0
T,ps2013-001-01-002-002.u2.p2.s2.w3,765570.0,765900.0
T,ps2013-001-01-002-002.u2.p2.s2.w4,765910.0,766390.0
T,ps2013-001-01-002-002.u2.p2.s2.w6,766850.0,766990.0
T,ps2013-001-01-002-002.u2.p2.s2.w7,767000.0,767300.0
T,ps2013-001-01-002-002.u2.p2.s2.w8,767310.0,768110.0
T,ps2013-001-01-002-002.u2.p2.s2.w9,768120.0,768320.0
T,ps2013-001-01-002-002.u2.p2.s2.w10,768330.0,769120.0
T,ps2013-001-01-002-002.u2.p2.s2.w11,769120.0,769460.0
T,ps2013-001-01-002-002.u2.p2.s2.w12,769460.0,769790.0
T,ps2013-001-01-002-002.u2.p2.s2.w13,769800.0,770120.0
T,ps2013-001-01-002-002.u2.p2.s2.w14,770130.0,770480.0
T,ps2013-001-01-002-002.u2.p2.s2.w15,770890.0,770970.0
T,ps2013-001-01-002-002.u2.p2.s2.w16,770980.0,771230.0
T,ps2013-001-01-002-002.u2.p2.s2.w17,771240.0,771560.0
T,ps2013-001-01-002-002.u2.p2.s2.w18,771570.0,772360.0
T,ps2013-001-01-002-002.u2.p2.s2.w19,772370.0,772940.0
T,ps2013-001-01-002-002.u2.p2.s2.w20,773360.0,773430.0
T,ps2013-001-01-002-002.u2.p2.s2.w21,773440.0,774050.0
T,ps2013-001-01-002-002.u2.p3.s1.w1,789260.0,789420.0
T,ps2013-001-01-002-002.u2.p3.s1.w2,789430.0,789780.0
T,ps2013-001-01-002-002.u2.p3.s1.w3,789790.0,789950.0
T,ps2013-001-01-002-002.u2.p3.s1.w4,789960.0,790640.0
T,ps2013-001-01-002-002.u2.p3.s1.w5,790850.0,791200.0
T,ps2013-001-01-002-002.u2.p3.s1.w6,791210.0,791530.0
T,ps2013-001-01-002-002.u2.p3.s2.w2,794790.0,795050.0
T,ps2013-001-01-002-002.u2.p3.s2.w3,795060.0,795190.0
T,ps2013-001-01-002-002.u2.p3.s2.w4,795200.0,795790.0
T,ps2013-001-01-002-002.u2.p4.s1.w1,,
T,ps2013-001-01-002-002.u2.p4.s1.w2,,
T,ps2013-001-01-002-002.u2.p4.s1.w3,,
T,ps2013-001-01-002-002.u2.p4.s1.w4,,
T,ps2013-001-01-002-002.u2.p5.s1.w1,,
T,ps2013-001-01-002-002.u2.p5.s1.w2,,
T,ps2013-001-01-002-002.u2.p5.s1.w3,,
T,ps2013-001-01-002-002.u2.p5.s1.w4,,
T,ps2013-001-01-002-002.u2.p6.s1.w1,,
T,ps2013-001-01-002-002.u2.p6.s1.w2,,
T,ps2013-001-01-002-002.u2.p6.s1.w3,,
T,ps2013-001-01-002-002.u2.p6.s1.w4,,
T,ps2013-001-01-002-002.u2.p7.s1.w1,,
T,ps2013-001-01-002-002.u2.p7.s1.w2,,
T,ps2013-001-01-002-002.u2.p7.s1.w3,,
T,ps2013-001-01-002-002.u2.p7.s1.w4,,
T,ps2013-001-01-002-002.u2.p8.s1.w1,,
T,ps2013-001-01-002-002.u2.p8.s1.w2,,
T,ps2013-001-01-002-002.u2.p8.s1.w3,,
T,ps2013-001-01-002-002.u2.p8.s1.w4,,
T,ps2013-001-01-002-002.u2.p8.s1.w5,,
T,ps2013-001-01-002-002.u2.p8.s1.w6,,
T,ps2013-001-01-002-002.u2.p9.s1.w1,,
T,ps2013-001-01-002-002.u2.p9.s1.w2,,
T,ps2013-001-01-002-002.u2.p9.s1.w3,,
T,ps2013-001-01-002-002.u2.p9.s1.w4,,
T,ps2013-001-01-002-002.u2.p10.s1.w1,,
T,ps2013-001-01-002-002.u2.p10.s1.w2,,
T,ps2013-001-01-002-002.u2.p10.s1.w3,,
T,ps2013-001-01-002-002.u2.p10.s1.w4,,
T,ps2013-001-01-002-002.u2.p10.s1.w5,,
T,ps2013-001-01-002-002.u2.p11.s1.w1,,
T,ps2013-001-01-002-002.u2.p11.s1.w2,,
T,ps2013-001-01-002-002.u2.p11.s1.w3,,
T,ps2013-001-01-002-002.u2.p11.s1.w4,,
T,ps2013-001-01-002-002.u2.p12.s1.w1,,
T,ps2013-001-01-002-002.u2.p12.s1.w2,,
T,ps2013-001-01-002-002.u2.p12.s1.w3,,
T,ps2013-001-01-002-002.u2.p12.s1.w4,,
T,ps2013-001-01-002-002.u2.p13.s1.w1,,
T,ps2013-001-01-002-002.u2.p13.s1.w2,,
T,ps2013-001-01-002-002.u2.p13.s1.w3,,
T,ps2013-001-01-002-002.u2.p13.s1.w4,,
T,ps2013-001-01-002-002.u2.p13.s2.w2,,
T,ps2013-001-01-002-002.u2.p13.s2.w3,,
T,ps2013-001-01-002-002.u2.p13.s2.w4,,
T,ps2013-001-01-002-002.u2.p13.s2.w6,,
T,ps2013-001-01-002-002.u2.p13.s2.w7,,
T,ps2013-001-01-002-002.u2.p13.s2.w8,,
T,ps2013-001-01-002-002.u2.p13.s2.w9,,
T,ps2013-001-01-002-002.u2.p13.s3.w1,,
T,ps2013-001-01-002-002.u2.p14.s1.w1,,
T,ps2013-001-01-002-002.u2.p14.s1.w2,,
T,ps2013-001-01-002-002.u2.p14.s1.w3,,
T,ps2013-001-01-002-002.u2.p14.s1.w4,,
T,ps2013-001-01-002-002.u2.p15.s1.w1,,
T,ps2013-001-01-002-002.u2.p15.s1.w2,,
T,ps2013-001-01-002-002.u2.p15.s1.w3,,
T,ps2013-001-01-002-002.u2.p15.s1.w4,,
T,ps2013-001-01-002-002.u2.p16.s1.w1,,
T,ps2013-001-01-002-002.u2.p16.s1.w2,,
T,ps2013-001-01-002-002.u2.p16.s1.w3,,
T,ps2013-001-01-002-002.u2.p16.s1.w4,,
T,ps2013-001-01-002-002.u2.p16.s1.w5,,
T,ps2013-001-01-002-002.u2.p17.s1.w1,,
T,ps2013-001-01-002-002.u2.p17.s1.w2,,
T,ps2013-001-01-002-002.u2.p17.s1.w3,,
T,ps2013-001-01-002-002.u2.p17.s1.w4,,
T,ps2013-001-01-002-002.u2.p18.s1.w1,,
T,ps2013-001-01-002-002.u2.p18.s1.w2,,
T,ps2013-001-01-002-002.u2.p18.s1.w3,,
T,ps2013-001-01-002-002.u2.p18.s1.w4,,
T,ps2013-001-01-002-002.u2.p19.s1.w1,,
T,ps2013-001-01-002-002.u2.p19.s1.w2,,
T,ps2013-001-01-002-002.u2.p19.s1.w3,,
T,ps2013-001-01-002-002.u2.p19.s1.w4,,
T,ps2013-001-01-002-002.u2.p20.s1.w1,,
T,ps2013-001-01-002-002.u2.p20.s1.w2,,
T,ps2013-001-01-002-002.u2.p20.s1.w3,,
T,ps2013-001-01-002-002.u2.p20.s1.w4,,
T,ps2013-001-01-002-002.u2.p21.s1.w1,,
T,ps2013-001-01-002-002.u2.p21.s1.w2,,
T,ps2013-001-01-002-002.u2.p21.s1.w3,,
T,ps2013-001-01-002-002.u2.p21.s1.w4,,
T,ps2013-001-01-002-002.u2.p22.s1.w1,,
T,ps2013-001-01-002-002.u2.p22.s1.w2,,
T,ps2013-001-01-002-002.u2.p22.s1.w3,,
T,ps2013-001-01-002-002.u2.p22.s1.w4,,
T,ps2013-001-01-002-002.u2.p23.s1.w1,483580.0,483760.0
T,ps2013-001-01-002-002.u2.p23.s1.w2,483770.0,484550.0
T,ps2013-001-01-002-002.u2.p23.s1.w3,,
T,ps2013-001-01-002-002.u2.p23.s1.w4,,
T,ps2013-001-01-002-002.u2.p24.s1.w1,484560.0,484720.0
T,ps2013-001-01-002-002.u2.p24.s1.w2,496960.0,497350.0
T,ps2013-001-01-002-002.u2.p24.s1.w3,497360.0,498100.0
T,ps2013-001-01-002-002.u2.p24.s1.w4,498420.0,499050.0
T,ps2013-001-01-002-002.u2.p25.s1.w1,506580.0,506690.0
T,ps2013-001-01-002-002.u2.p25.s1.w2,506700.0,507090.0
T,ps2013-001-01-002-002.u2.p25.s1.w3,507100.0,507200.0
T,ps2013-001-01-002-002.u2.p25.s1.w4,507380.0,508120.0
T,ps2013-001-01-002-002.u2.p26.s1.w1,514070.0,514170.0
T,ps2013-001-01-002-002.u2.p26.s1.w2,514180.0,514640.0
T,ps2013-001-01-002-002.u2.p26.s1.w3,514650.0,514900.0
T,ps2013-001-01-002-002.u2.p26.s1.w4,514990.0,516060.0
T,ps2013-001-01-002-002.u2.p27.s1.w1,521180.0,521310.0
T,ps2013-001-01-002-002.u2.p27.s1.w2,521320.0,521740.0
T,ps2013-001-01-002-002.u2.p27.s1.w3,521750.0,522020.0
T,ps2013-001-01-002-002.u2.p27.s1.w4,522360.0,522880.0
T,ps2013-001-01-002-002.u2.p28.s1.w1,528790.0,528940.0
T,ps2013-001-01-002-002.u2.p28.s1.w2,528950.0,529390.0
T,ps2013-001-01-002-002.u2.p28.s1.w3,529400.0,529740.0
T,ps2013-001-01-002-002.u2.p28.s1.w4,529750.0,530120.0
T,ps2013-001-01-002-002.u2.p29.s1.w1,540020.0,540170.0
T,ps2013-001-01-002-002.u2.p29.s1.w2,540180.0,540740.0
T,ps2013-001-01-002-002.u2.p29.s1.w3,540750.0,541150.0
T,ps2013-001-01-002-002.u2.p29.s1.w4,541360.0,541790.0
T,ps2013-001-01-002-002.u2.p30.s1.w1,546350.0,546480.0
T,ps2013-001-01-002-002.u2.p30.s1.w2,546490.0,547110.0
T,ps2013-001-01-002-002.u2.p30.s1.w3,548320.0,549080.0
T,ps2013-001-01-002-002.u2.p30.s1.w4,549930.0,550840.0
T,ps2013-001-01-002-002.u2.p31.s1.w1,555520.0,555760.0
T,ps2013-001-01-002-002.u2.p31.s1.w2,555770.0,556260.0
T,ps2013-001-01-002-002.u2.p31.s1.w3,556270.0,556640.0
T,ps2013-001-01-002-002.u2.p31.s1.w4,556740.0,557500.0
T,ps2013-001-01-002-002.u2.p32.s1.w1,565420.0,565580.0
T,ps2013-001-01-002-002.u2.p32.s1.w2,565590.0,566170.0
T,ps2013-001-01-002-002.u2.p32.s1.w3,566180.0,566510.0
T,ps2013-001-01-002-002.u2.p32.s1.w4,566520.0,566900.0
T,ps2013-001-01-002-002.u2.p33.s1.w1,573630.0,573790.0
T,ps2013-001-01-002-002.u2.p33.s1.w2,573800.0,574300.0
T,ps2013-001-01-002-002.u2.p33.s1.w3,574310.0,574570.0
T,ps2013-001-01-002-002.u2.p33.s1.w4,574820.0,575590.0
T,ps2013-001-01-002-002.u2.p34.s1.w1,580120.0,580290.0
T,ps2013-001-01-002-002.u2.p34.s1.w2,580300.0,580920.0
T,ps2013-001-01-002-002.u2.p34.s1.w3,583560.0,583820.0
T,ps2013-001-01-002-002.u2.p34.s1.w4,,
T,ps2013-001-01-002-002.u2.p35.s1.w1,593330.0,593480.0
T,ps2013-001-01-002-002.u2.p35.s1.w2,593490.0,594400.0
T,ps2013-001-01-002-002.u2.p35.s1.w3,594960.0,595530.0
T,ps2013-001-01-002-002.u2.p35.s1.w4,595540.0,596290.0
T,ps2013-001-01-002-002.u2.p36.s1.w1,603750.0,603880.0
T,ps2013-001-01-002-002.u2.p36.s1.w2,603890.0,604580.0
T,ps2013-001-01-002-002.u2.p36.s1.w3,604800.0,605180.0
T,ps2013-001-01-002-002.u2.p36.s1.w4,605190.0,605800.0
T,ps2013-001-01-002-002.u2.p37.s1.w1,610850.0,610990.0
T,ps2013-001-01-002-002.u2.p37.s1.w2,611000.0,611450.0
T,ps2013-001-01-002-002.u2.p37.s1.w3,611460.0,611780.0
T,ps2013-001-01-002-002.u2.p37.s1.w4,611870.0,612550.0
T,ps2013-001-01-002-002.u2.p38.s1.w1,618060.0,618210.0
T,ps2013-001-01-002-002.u2.p38.s1.w2,618220.0,618800.0
T,ps2013-001-01-002-002.u2.p38.s1.w3,618810.0,619050.0
T,ps2013-001-01-002-002.u2.p38.s1.w4,619060.0,619480.0
T,ps2013-001-01-002-002.u2.p39.s1.w1,624720.0,624890.0
T,ps2013-001-01-002-002.u2.p39.s1.w2,624900.0,625610.0
T,ps2013-001-01-002-002.u2.p39.s1.w3,625620.0,626200.0
T,ps2013-001-01-002-002.u2.p39.s1.w4,626210.0,627220.0
T,ps2013-001-01-002-002.u2.p40.s1.w1,630100.0,630230.0
T,ps2013-001-01-002-002.u2.p40.s1.w2,630240.0,630720.0
T,ps2013-001-01-002-002.u2.p40.s1.w3,630730.0,630970.0
T,ps2013-001-01-002-002.u2.p40.s1.w4,630980.0,631710.0
T,ps2013-001-01-002-002.u2.p41.s1.w1,635250.0,635410.0
T,ps2013-001-01-002-002.u2.p41.s1.w2,635420.0,636310.0
T,ps2013-001-01-002-002.u2.p41.s1.w3,636740.0,636920.0
T,ps2013-001-01-002-002.u2.p41.s1.w4,637170.0,637940.0
T,ps2013-001-01-002-002.u2.p42.s1.w1,645720.0,645880.0
T,ps2013-001-01-002-002.u2.p42.s1.w2,645890.0,646320.0
T,ps2013-001-01-002-002.u2.p42.s1.w3,646330.0,646810.0
T,ps2013-001-01-002-002.u2.p42.s1.w4,646820.0,647360.0
T,ps2013-001-01-002-002.u2.p43.s1.w1,651960.0,652160.0
T,ps2013-001-01-002-002.u2.p43.s1.w2,652170.0,652630.0
T,ps2013-001-01-002-002.u2.p43.s1.w3,652640.0,652800.0
T,ps2013-001-01-002-002.u2.p43.s1.w4,652810.0,653450.0
T,ps2013-001-01-002-002.u2.p44.s1.w1,660890.0,661040.0
T,ps2013-001-01-002-002.u2.p44.s1.w2,661050.0,661530.0
T,ps2013-001-01-002-002.u2.p44.s1.w3,661540.0,661760.0
T,ps2013-001-01-002-002.u2.p44.s1.w4,661770.0,662690.0
T,ps2013-001-01-002-002.u2.p45.s1.w1,665990.0,666140.0
T,ps2013-001-01-002-002.u2.p45.s1.w2,666150.0,666770.0
T,ps2013-001-01-002-002.u2.p45.s1.w3,666780.0,667140.0
T,ps2013-001-01-002-002.u2.p45.s1.w4,667560.0,668030.0
T,ps2013-001-01-002-002.u2.p46.s1.w1,672750.0,672900.0
T,ps2013-001-01-002-002.u2.p46.s1.w2,672910.0,673680.0
T,ps2013-001-01-002-002.u2.p46.s1.w3,674100.0,674460.0
T,ps2013-001-01-002-002.u2.p46.s1.w4,674810.0,675220.0
T,ps2013-001-01-002-002.u2.p47.s1.w1,683300.0,683480.0
T,ps2013-001-01-002-002.u2.p47.s1.w2,683490.0,684140.0
T,ps2013-001-01-002-002.u2.p47.s1.w3,684150.0,684570.0
T,ps2013-001-01-002-002.u2.p47.s1.w4,684700.0,685240.0
T,ps2013-001-01-002-002.u2.p48.s1.w1,690050.0,690180.0
T,ps2013-001-01-002-002.u2.p48.s1.w2,690190.0,690570.0
T,ps2013-001-01-002-002.u2.p48.s1.w3,690580.0,690880.0
T,ps2013-001-01-002-002.u2.p48.s1.w4,690940.0,691340.0
T,ps2013-001-01-002-002.u2.p49.s1.w1,697090.0,697290.0
T,ps2013-001-01-002-002.u2.p49.s1.w2,697300.0,697880.0
T,ps2013-001-01-002-002.u2.p49.s1.w3,697890.0,698080.0
T,ps2013-001-01-002-002.u2.p49.s1.w4,698090.0,699300.0
T,ps2013-001-01-002-002.u2.p50.s1.w1,703460.0,703630.0
T,ps2013-001-01-002-002.u2.p50.s1.w2,703640.0,704150.0
T,ps2013-001-01-002-002.u2.p50.s1.w3,704160.0,704760.0
T,ps2013-001-01-002-002.u2.p50.s1.w4,704770.0,705450.0
T,ps2013-001-01-002-002.u2.p51.s1.w1,713100.0,713210.0
T,ps2013-001-01-002-002.u2.p51.s1.w2,713220.0,713700.0
T,ps2013-001-01-002-002.u2.p51.s1.w3,713710.0,713940.0
T,ps2013-001-01-002-002.u2.p51.s1.w4,714060.0,714870.0
T,ps2013-001-01-002-002.u2.p52.s1.w1,720850.0,720990.0
T,ps2013-001-01-002-002.u2.p52.s1.w2,721000.0,721520.0
T,ps2013-001-01-002-002.u2.p52.s1.w3,721530.0,721870.0
T,ps2013-001-01-002-002.u2.p52.s1.w4,722140.0,722460.0
T,ps2013-001-01-002-002.u2.p53.s1.w1,728190.0,728330.0
T,ps2013-001-01-002-002.u2.p53.s1.w2,728340.0,729050.0
T,ps2013-001-01-002-002.u2.p53.s1.w3,729120.0,729600.0
T,ps2013-001-01-002-002.u2.p53.s1.w4,729760.0,730440.0
T,ps2013-001-01-002-002.u2.p54.s1.w1,735240.0,735370.0
T,ps2013-001-01-002-002.u2.p54.s1.w2,735380.0,735830.0
T,ps2013-001-01-002-002.u2.p54.s1.w3,,
T,ps2013-001-01-002-002.u2.p54.s1.w4,,
T,ps2013-001-01-002-002.u2.p55.s1.w1,735840.0,736000.0
T,ps2013-001-01-002-002.u2.p55.s1.w2,742350.0,742830.0
T,ps2013-001-01-002-002.u2.p55.s1.w3,742840.0,743070.0
T,ps2013-001-01-002-002.u2.p55.s1.w4,745210.0,745270.0
T,ps2013-001-01-002-002.u2.p56.s1.w1,748090.0,748260.0
T,ps2013-001-01-002-002.u2.p56.s1.w2,748270.0,749100.0
T,ps2013-001-01-002-002.u2.p56.s1.w3,749260.0,749740.0
T,ps2013-001-01-002-002.u2.p56.s1.w4,749750.0,750300.0
T,ps2013-001-01-002-002.u2.p57.s1.w1,767060.0,767230.0
T,ps2013-001-01-002-002.u2.p57.s1.w2,767240.0,768040.0
T,ps2013-001-01-002-002.u2.p57.s1.w3,768050.0,768320.0
T,ps2013-001-01-002-002.u2.p57.s1.w4,768830.0,769180.0
T,ps2013-001-01-002-002.u2.p58.s1.w1,781470.0,781650.0
T,ps2013-001-01-002-002.u2.p58.s1.w2,781660.0,782160.0
T,ps2013-001-01-002-002.u2.p58.s1.w3,782170.0,782300.0
T,ps2013-001-01-002-002.u2.p58.s1.w4,782310.0,783120.0
T,ps2013-001-01-002-002.u2.p59.s1.w1,793860.0,794040.0
T,ps2013-001-01-002-002.u2.p59.s1.w2,794050.0,794620.0
T,ps2013-001-01-002-002.u2.p59.s1.w3,794630.0,795030.0
T,ps2013-001-01-002-002.u2.p59.s1.w4,795040.0,795100.0
T,ps2013-001-01-002-002.u2.p60.s1.w1,795110.0,795310.0
T,ps2013-001-01-002-002.u2.p60.s1.w2,795310.0,
T,ps2013-001-01-002-002.u2.p60.s1.w3,,
T,ps2013-001-01-002-002.u2.p60.s1.w4,,
T,ps2013-001-01-002-002.u2.p61.s1.w1,,
T,ps2013-001-01-002-002.u2.p61.s1.w2,,
T,ps2013-001-01-002-002.u2.p61.s1.w3,,
T,ps2013-001-01-002-002.u2.p61.s1.w4,795320.0,795710.0
T,ps2013-001-01-002-002.u2.p62.s1.w1,799910.0,799960.0
T,ps2013-001-01-002-002.u2.p62.s1.w2,799960.0,
T,ps2013-001-01-002-002.u2.p62.s1.w3,,
T,ps2013-001-01-002-002.u2.p62.s1.w4,,
T,ps2013-001-01-002-002.u2.p63.s1.w1,237050.0,237250.0
T,ps2013-001-01-002-002.u2.p63.s1.w2,237260.0,238120.0
T,ps2013-001-01-002-002.u2.p63.s1.w3,239050.0,239440.0
T,ps2013-001-01-002-002.u2.p63.s1.w4,239450.0,239950.0
T,ps2013-001-01-002-002.u2.p64.s1.w1,247370.0,247620.0
T,ps2013-001-01-002-002.u2.p64.s1.w2,247630.0,248540.0
T,ps2013-001-01-002-002.u2.p64.s1.w3,249930.0,250280.0
T,ps2013-001-01-002-002.u2.p64.s1.w4,250290.0,250960.0
T,ps2013-001-01-002-002.u2.p65.s1.w1,261210.0,261390.0
T,ps2013-001-01-002-002.u2.p65.s1.w2,261400.0,261840.0
T,ps2013-001-01-002-002.u2.p65.s1.w3,261850.0,262200.0
T,ps2013-001-01-002-002.u2.p65.s1.w4,262210.0,262820.0
T,ps2013-001-01-002-002.u2.p66.s1.w1,268520.0,268730.0
T,ps2013-001-01-002-002.u2.p66.s1.w2,268740.0,269610.0
T,ps2013-001-01-002-002.u2.p66.s1.w3,269710.0,270570.0
T,ps2013-001-01-002-002.u2.p66.s1.w4,270640.0,271270.0
T,ps2013-001-01-002-002.u2.p67.s1.w1,276340.0,276480.0
T,ps2013-001-01-002-002.u2.p67.s1.w2,276490.0,276930.0
T,ps2013-001-01-002-002.u2.p67.s1.w3,276940.0,277230.0
T,ps2013-001-01-002-002.u2.p67.s1.w4,277240.0,277520.0
T,ps2013-001-01-002-002.u2.p68.s1.w1,284160.0,284310.0
T,ps2013-001-01-002-002.u2.p68.s1.w2,284320.0,285180.0
T,ps2013-001-01-002-002.u2.p68.s1.w3,285430.0,286040.0
T,ps2013-001-01-002-002.u2.p68.s1.w4,286050.0,286820.0
T,ps2013-001-01-002-002.u2.p69.s1.w1,292000.0,292190.0
T,ps2013-001-01-002-002.u2.p69.s1.w2,292200.0,293100.0
T,ps2013-001-01-002-002.u2.p69.s1.w3,298000.0,298390.0
T,ps2013-001-01-002-002.u2.p69.s1.w4,298400.0,299140.0
T,ps2013-001-01-002-002.u2.p70.s1.w1,311080.0,311250.0
T,ps2013-001-01-002-002.u2.p70.s1.w2,311260.0,311830.0
T,ps2013-001-01-002-002.u2.p70.s1.w3,312840.0,313560.0
T,ps2013-001-01-002-002.u2.p70.s1.w4,,
T,ps2013-001-01-002-002.u2.p71.s1.w1,318720.0,318880.0
T,ps2013-001-01-002-002.u2.p71.s1.w2,318890.0,319600.0
T,ps2013-001-01-002-002.u2.p71.s1.w3,322050.0,322960.0
T,ps2013-001-01-002-002.u2.p71.s1.w4,322970.0,323160.0
T,ps2013-001-01-002-002.u2.p72.s1.w1,329880.0,330090.0
T,ps2013-001-01-002-002.u2.p72.s1.w2,330100.0,331090.0
T,ps2013-001-01-002-002.u2.p72.s1.w3,333930.0,334490.0
T,ps2013-001-01-002-002.u2.p72.s1.w4,,
T,ps2013-001-01-002-002.u2.p73.s1.w1,343040.0,343240.0
T,ps2013-001-01-002-002.u2.p73.s1.w2,343250.0,343720.0
T,ps2013-001-01-002-002.u2.p73.s1.w3,343730.0,344220.0
T,ps2013-001-01-002-002.u2.p73.s1.w4,344230.0,344530.0
T,ps2013-001-01-002-002.u2.p74.s1.w1,357640.0,357800.0
T,ps2013-001-01-002-002.u2.p74.s1.w2,357810.0,358800.0
T,ps2013-001-01-002-002.u2.p74.s1.w3,358810.0,359140.0
T,ps2013-001-01-002-002.u2.p74.s1.w4,359150.0,359950.0
T,ps2013-001-01-002-002.u2.p75.s1.w1,368430.0,368650.0
T,ps2013-001-01-002-002.u2.p75.s1.w2,368660.0,369190.0
T,ps2013-001-01-002-002.u2.p75.s1.w3,369200.0,369410.0
T,ps2013-001-01-002-002.u2.p75.s1.w4,369420.0,370370.0
T,ps2013-001-01-002-002.u2.p76.s1.w1,375670.0,375790.0
T,ps2013-001-01-002-002.u2.p76.s1.w2,375800.0,376340.0
T,ps2013-001-01-002-002.u2.p76.s1.w3,376350.0,376640.0
T,ps2013-001-01-002-002.u2.p76.s1.w4,376650.0,377200.0
T,ps2013-001-01-002-002.u2.p77.s1.w1,384140.0,384350.0
T,ps2013-001-01-002-002.u2.p77.s1.w2,384360.0,385140.0
T,ps2013-001-01-002-002.u2.p77.s1.w3,386330.0,386970.0
T,ps2013-001-01-002-002.u2.p77.s1.w4,386980.0,387500.0
T,ps2013-001-01-002-002.u2.p78.s1.w1,397160.0,397330.0
T,ps2013-001-01-002-002.u2.p78.s1.w2,397340.0,398110.0
T,ps2013-001-01-002-002.u2.p78.s1.w3,398120.0,398890.0
T,ps2013-001-01-002-002.u2.p78.s1.w4,398920.0,399380.0
T,ps2013-001-01-002-002.u2.p79.s1.w1,406200.0,406410.0
T,ps2013-001-01-002-002.u2.p79.s1.w2,406420.0,407440.0
T,ps2013-001-01-002-002.u2.p79.s1.w3,,
T,ps2013-001-01-002-002.u2.p79.s1.w4,407770.0,408440.0
T,ps2013-001-01-002-002.u2.p80.s1.w1,416400.0,416580.0
T,ps2013-001-01-002-002.u2.p80.s1.w2,416590.0,417230.0
T,ps2013-001-01-002-002.u2.p80.s1.w3,,
T,ps2013-001-01-002-002.u2.p80.s1.w4,417240.0,417490.0
T,ps2013-001-01-002-002.u2.p81.s1.w1,424930.0,425100.0
T,ps2013-001-01-002-002.u2.p81.s1.w2,425110.0,425610.0
T,ps2013-001-01-002-002.u2.p81.s1.w3,425620.0,425940.0
T,ps2013-001-01-002-002.u2.p81.s1.w4,425980.0,426490.0
T,ps2013-001-01-002-002.u2.p82.s1.w1,433810.0,434030.0
T,ps2013-001-01-002-002.u2.p82.s1.w2,434040.0,434610.0
T,ps2013-001-01-002-002.u2.p82.s1.w3,434620.0,435090.0
T,ps2013-001-01-002-002.u2.p82.s1.w4,435100.0,436200.0
T,ps2013-001-01-002-002.u2.p83.s1.w1,440410.0,440580.0
T,ps2013-001-01-002-002.u2.p83.s1.w2,440590.0,441030.0
T,ps2013-001-01-002-002.u2.p83.s1.w3,441040.0,441330.0
T,ps2013-001-01-002-002.u2.p83.s1.w4,441340.0,442040.0
T,ps2013-001-01-002-002.u2.p84.s1.w1,446330.0,446500.0
T,ps2013-001-01-002-002.u2.p84.s1.w2,446510.0,447160.0
T,ps2013-001-01-002-002.u2.p84.s1.w3,448070.0,448680.0
T,ps2013-001-01-002-002.u2.p84.s1.w4,,
T,ps2013-001-01-002-002.u2.p85.s1.w1,452760.0,452880.0
T,ps2013-001-01-002-002.u2.p85.s1.w2,452890.0,453630.0
T,ps2013-001-01-002-002.u2.p85.s1.w3,454740.0,455160.0
T,ps2013-001-01-002-002.u2.p85.s1.w4,455170.0,455740.0
T,ps2013-001-01-002-002.u2.p86.s1.w1,460870.0,461040.0
T,ps2013-001-01-002-002.u2.p86.s1.w2,461050.0,461540.0
T,ps2013-001-01-002-002.u2.p86.s1.w3,461550.0,461750.0
T,ps2013-001-01-002-002.u2.p86.s1.w4,461760.0,462820.0
T,ps2013-001-01-002-002.u2.p87.s1.w1,469710.0,469900.0
T,ps2013-001-01-002-002.u2.p87.s1.w2,469910.0,470620.0
T,ps2013-001-01-002-002.u2.p87.s1.w3,470950.0,471600.0
T,ps2013-001-01-002-002.u2.p87.s1.w4,471610.0,471950.0
T,ps2013-001-01-002-002.u2.p88.s1.w1,477160.0,477380.0
T,ps2013-001-01-002-002.u2.p88.s1.w2,477390.0,478280.0
T,ps2013-001-01-002-002.u2.p88.s1.w3,478420.0,478790.0
T,ps2013-001-01-002-002.u2.p88.s1.w4,478800.0,479730.0
T,ps2013-001-01-002-002.u2.p89.s1.w1,483960.0,484150.0
T,ps2013-001-01-002-002.u2.p89.s1.w2,484160.0,485460.0
T,ps2013-001-01-002-002.u2.p89.s1.w3,485590.0,485890.0
T,ps2013-001-01-002-002.u2.p89.s1.w4,485900.0,486310.0
T,ps2013-001-01-002-002.u2.p90.s1.w1,490920.0,491060.0
T,ps2013-001-01-002-002.u2.p90.s1.w2,491070.0,491500.0
T,ps2013-001-01-002-002.u2.p90.s1.w3,491510.0,491940.0
T,ps2013-001-01-002-002.u2.p90.s1.w4,491950.0,492540.0
T,ps2013-001-01-002-002.u2.p91.s1.w1,496740.0,496890.0
T,ps2013-001-01-002-002.u2.p91.s1.w2,496900.0,497310.0
T,ps2013-001-01-002-002.u2.p91.s1.w3,497320.0,497790.0
T,ps2013-001-01-002-002.u2.p91.s1.w4,497800.0,498390.0
T,ps2013-001-01-002-002.u2.p92.s1.w1,502690.0,502840.0
T,ps2013-001-01-002-002.u2.p92.s1.w2,502850.0,503320.0
T,ps2013-001-01-002-002.u2.p92.s1.w3,503330.0,503730.0
T,ps2013-001-01-002-002.u2.p92.s1.w4,503740.0,504600.0
T,ps2013-001-01-002-002.u2.p93.s1.w1,508400.0,508550.0
T,ps2013-001-01-002-002.u2.p93.s1.w2,508560.0,509070.0
T,ps2013-001-01-002-002.u2.p93.s1.w3,509080.0,509420.0
T,ps2013-001-01-002-002.u2.p93.s1.w4,509430.0,509940.0
T,ps2013-001-01-002-002.u2.p94.s1.w1,518930.0,519110.0
T,ps2013-001-01-002-002.u2.p94.s1.w2,519120.0,519640.0
T,ps2013-001-01-002-002.u2.p94.s1.w3,519650.0,520140.0
T,ps2013-001-01-002-002.u2.p94.s1.w4,520150.0,520790.0
T,ps2013-001-01-002-002.u2.p95.s1.w1,525950.0,526110.0
T,ps2013-001-01-002-002.u2.p95.s1.w2,526120.0,526510.0
T,ps2013-001-01-002-002.u2.p95.s1.w3,,
T,ps2013-001-01-002-002.u2.p95.s1.w4,,
T,ps2013-001-01-002-002.u2.p96.s1.w1,526520.0,526720.0
T,ps2013-001-01-002-002.u2.p96.s1.w2,531490.0,531900.0
T,ps2013-001-01-002-002.u2.p96.s1.w3,531910.0,532140.0
T,ps2013-001-01-002-002.u2.p96.s1.w4,532600.0,533070.0
T,ps2013-001-01-002-002.u2.p97.s1.w1,536830.0,537000.0
T,ps2013-001-01-002-002.u2.p97.s1.w2,537010.0,537470.0
T,ps2013-001-01-002-002.u2.p97.s1.w3,537480.0,537710.0
T,ps2013-001-01-002-002.u2.p97.s1.w4,537720.0,538400.0
T,ps2013-001-01-002-002.u2.p98.s1.w1,541830.0,541980.0
T,ps2013-001-01-002-002.u2.p98.s1.w2,541990.0,542430.0
T,ps2013-001-01-002-002.u2.p98.s1.w3,542440.0,542700.0
T,ps2013-001-01-002-002.u2.p98.s1.w4,542710.0,543250.0
T,ps2013-001-01-002-002.u2.p99.s1.w1,548350.0,548510.0
T,ps2013-001-01-002-002.u2.p99.s1.w2,548520.0,549000.0
T,ps2013-001-01-002-002.u2.p99.s1.w3,549010.0,549200.0
T,ps2013-001-01-002-002.u2.p99.s1.w4,549210.0,549870.0
T,ps2013-001-01-002-002.u2.p100.s1.w1,556880.0,557090.0
T,ps2013-001-01-002-002.u2.p100.s1.w2,557100.0,557570.0
T,ps2013-001-01-002-002.u2.p100.s1.w3,557580.0,557660.0
T,ps2013-001-01-002-002.u2.p100.s1.w4,558290.0,558440.0
T,ps2013-001-01-002-002.u2.p101.s1.w1,565730.0,565930.0
T,ps2013-001-01-002-002.u2.p101.s1.w2,565940.0,566570.0
T,ps2013-001-01-002-002.u2.p101.s1.w3,566980.0,567640.0
T,ps2013-001-01-002-002.u2.p101.s1.w4,,
T,ps2013-001-01-002-002.u2.p102.s1.w1,571490.0,571700.0
T,ps2013-001-01-002-002.u2.p102.s1.w2,571710.0,572280.0
T,ps2013-001-01-002-002.u2.p102.s1.w3,572290.0,572530.0
T,ps2013-001-01-002-002.u2.p102.s1.w4,573100.0,573870.0
T,ps2013-001-01-002-002.u2.p103.s1.w1,582970.0,583140.0
T,ps2013-001-01-002-002.u2.p103.s1.w2,583150.0,583560.0
T,ps2013-001-01-002-002.u2.p103.s1.w3,583570.0,583990.0
T,ps2013-001-01-002-002.u2.p103.s1.w4,584100.0,585040.0
T,ps2013-001-01-002-002.u2.p104.s1.w1,589160.0,589320.0
T,ps2013-001-01-002-002.u2.p104.s1.w2,589330.0,590060.0
T,ps2013-001-01-002-002.u2.p104.s1.w3,590070.0,590420.0
T,ps2013-001-01-002-002.u2.p104.s1.w4,590430.0,591130.0
T,ps2013-001-01-002-002.u2.p105.s1.w1,593190.0,593390.0
T,ps2013-001-01-002-002.u2.p105.s1.w2,593490.0,593980.0
T,ps2013-001-01-002-002.u2.p105.s1.w3,593990.0,594350.0
T,ps2013-001-01-002-002.u2.p105.s1.w4,594360.0,595450.0
T,ps2013-001-01-002-002.u2.p106.s1.w1,598270.0,598440.0
T,ps2013-001-01-002-002.u2.p106.s1.w2,598450.0,598930.0
T,ps2013-001-01-002-002.u2.p106.s1.w3,598940.0,599200.0
T,ps2013-001-01-002-002.u2.p106.s1.w4,599210.0,599640.0
T,ps2013-001-01-002-002.u2.p107.s1.w1,613490.0,613700.0
T,ps2013-001-01-002-002.u2.p107.s1.w2,613710.0,614430.0
T,ps2013-001-01-002-002.u2.p107.s1.w3,,
T,ps2013-001-01-002-002.u2.p107.s1.w4,,
T,ps2013-001-01-002-002.u2.p108.s1.w1,614440.0,614650.0
T,ps2013-001-01-002-002.u2.p108.s1.w2,621980.0,622520.0
T,ps2013-001-01-002-002.u2.p108.s1.w3,622530.0,622930.0
T,ps2013-001-01-002-002.u2.p108.s1.w4,623380.0,623630.0
T,ps2013-001-01-002-002.u2.p109.s1.w1,634400.0,634610.0
T,ps2013-001-01-002-002.u2.p109.s1.w2,634620.0,635230.0
T,ps2013-001-01-002-002.u2.p109.s1.w3,,
T,ps2013-001-01-002-002.u2.p109.s1.w4,635240.0,635430.0
T,ps2013-001-01-002-002.u2.p110.s1.w1,641280.0,641470.0
T,ps2013-001-01-002-002.u2.p110.s1.w2,641480.0,641960.0
T,ps2013-001-01-002-002.u2.p110.s1.w3,641970.0,642400.0
T,ps2013-001-01-002-002.u2.p110.s1.w4,642410.0,642970.0
T,ps2013-001-01-002-002.u2.p111.s1.w1,648700.0,648870.0
T,ps2013-001-01-002-002.u2.p111.s1.w2,648880.0,649460.0
T,ps2013-001-01-002-002.u2.p111.s1.w3,659790.0,659950.0
T,ps2013-001-01-002-002.u2.p111.s1.w4,,
T,ps2013-001-01-002-002.u2.p112.s1.w1,,
T,ps2013-001-01-002-002.u2.p112.s1.w2,,
T,ps2013-001-01-002-002.u2.p112.s1.w3,660030.0,660710.0
T,ps2013-001-01-002-002.u2.p112.s1.w4,660720.0,661330.0
T,ps2013-001-01-002-002.u2.p113.s1.w1,667130.0,667350.0
T,ps2013-001-01-002-002.u2.p113.s1.w2,667360.0,668420.0
T,ps2013-001-01-002-002.u2.p113.s1.w3,669940.0,670350.0
T,ps2013-001-01-002-002.u2.p113.s1.w4,,
T,ps2013-001-01-002-002.u2.p114.s1.w1,676910.0,677110.0
T,ps2013-001-01-002-002.u2.p114.s1.w2,677120.0,677660.0
T,ps2013-001-01-002-002.u2.p114.s1.w3,677670.0,678020.0
T,ps2013-001-01-002-002.u2.p114.s1.w4,678030.0,678760.0
T,ps2013-001-01-002-002.u2.p115.s1.w1,684320.0,684500.0
T,ps2013-001-01-002-002.u2.p115.s1.w2,684510.0,685090.0
T,ps2013-001-01-002-002.u2.p115.s1.w3,,
T,ps2013-001-01-002-002.u2.p115.s1.w4,685410.0,685940.0
T,ps2013-001-01-002-002.u2.p116.s1.w1,693180.0,693340.0
T,ps2013-001-01-002-002.u2.p116.s1.w2,693350.0,693870.0
T,ps2013-001-01-002-002.u2.p116.s1.w3,693880.0,694100.0
T,ps2013-001-01-002-002.u2.p116.s1.w4,694600.0,695030.0
T,ps2013-001-01-002-002.u2.p117.s1.w1,701200.0,701400.0
T,ps2013-001-01-002-002.u2.p117.s1.w2,701410.0,702520.0
T,ps2013-001-01-002-002.u2.p117.s1.w3,703580.0,703810.0
T,ps2013-001-01-002-002.u2.p117.s1.w4,703820.0,704250.0
T,ps2013-001-01-002-002.u2.p118.s1.w1,716600.0,716790.0
T,ps2013-001-01-002-002.u2.p118.s1.w2,716800.0,717270.0
T,ps2013-001-01-002-002.u2.p118.s1.w3,,
T,ps2013-001-01-002-002.u2.p118.s1.w4,717630.0,717960.0
T,ps2013-001-01-002-002.u2.p119.s1.w1,725360.0,725610.0
T,ps2013-001-01-002-002.u2.p119.s1.w2,725620.0,726680.0
T,ps2013-001-01-002-002.u2.p119.s1.w3,727660.0,729260.0
T,ps2013-001-01-002-002.u2.p119.s1.w4,,
T,ps2013-001-01-002-002.u2.p120.s1.w1,736570.0,736800.0
T,ps2013-001-01-002-002.u2.p120.s1.w2,736810.0,737480.0
T,ps2013-001-01-002-002.u2.p120.s1.w3,737490.0,737830.0
T,ps2013-001-01-002-002.u2.p120.s1.w4,737840.0,738560.0
T,ps2013-001-01-002-002.u2.p121.s1.w1,743380.0,743520.0
T,ps2013-001-01-002-002.u2.p121.s1.w2,743530.0,743940.0
T,ps2013-001-01-002-002.u2.p121.s1.w3,743950.0,744230.0
T,ps2013-001-01-002-002.u2.p121.s1.w4,744240.0,744750.0
T,ps2013-001-01-002-002.u2.p122.s1.w1,152780.0,152990.0
T,ps2013-001-01-002-002.u2.p122.s1.w2,153000.0,153720.0
T,ps2013-001-01-002-002.u2.p122.s1.w3,153730.0,154120.0
T,ps2013-001-01-002-002.u2.p122.s1.w4,154130.0,154740.0
T,ps2013-001-01-002-002.u2.p123.s1.w1,161630.0,161810.0
T,ps2013-001-01-002-002.u2.p123.s1.w2,161820.0,162330.0
T,ps2013-001-01-002-002.u2.p123.s1.w3,,
T,ps2013-001-01-002-002.u2.p123.s1.w4,162340.0,162620.0
T,ps2013-001-01-002-002.u2.p124.s1.w1,169070.0,169280.0
T,ps2013-001-01-002-002.u2.p124.s1.w2,169290.0,169850.0
T,ps2013-001-01-002-002.u2.p124.s1.w3,,
T,ps2013-001-01-002-002.u2.p124.s1.w4,,
T,ps2013-001-01-002-002.u2.p125.s1.w1,169860.0,170000.0
T,ps2013-001-01-002-002.u2.p125.s1.w2,181450.0,181940.0
T,ps2013-001-01-002-002.u2.p125.s1.w3,181950.0,182250.0
T,ps2013-001-01-002-002.u2.p125.s1.w4,182260.0,183250.0
T,ps2013-001-01-002-002.u2.p126.s1.w1,191430.0,191640.0
T,ps2013-001-01-002-002.u2.p126.s1.w2,191650.0,192210.0
T,ps2013-001-01-002-002.u2.p126.s1.w3,192220.0,192730.0
T,ps2013-001-01-002-002.u2.p126.s1.w4,192740.0,193490.0
T,ps2013-001-01-002-002.u2.p127.s1.w1,201250.0,201570.0
T,ps2013-001-01-002-002.u2.p127.s1.w2,201580.0,202130.0
T,ps2013-001-01-002-002.u2.p127.s1.w3,202140.0,202560.0
T,ps2013-001-01-002-002.u2.p127.s1.w4,202570.0,203460.0
T,ps2013-001-01-002-002.u2.p128.s1.w1,210340.0,210560.0
T,ps2013-001-01-002-002.u2.p128.s1.w2,210570.0,211690.0
T,ps2013-001-01-002-002.u2.p128.s1.w3,211750.0,212620.0
T,ps2013-001-01-002-002.u2.p128.s1.w4,212670.0,213990.0
T,ps2013-001-01-002-002.u2.p129.s1.w1,220130.0,220320.0
T,ps2013-001-01-002-002.u2.p129.s1.w2,220330.0,220940.0
T,ps2013-001-01-002-002.u2.p129.s1.w3,220950.0,221160.0
T,ps2013-001-01-002-002.u2.p129.s1.w4,221170.0,222720.0
T,ps2013-001-01-002-002.u2.p130.s1.w1,225470.0,225620.0
T,ps2013-001-01-002-002.u2.p130.s1.w2,225630.0,226070.0
T,ps2013-001-01-002-002.u2.p130.s1.w3,,
T,ps2013-001-01-002-002.u2.p130.s1.w4,226080.0,226220.0
T,ps2013-001-01-002-002.u2.p131.s1.w1,231880.0,232110.0
T,ps2013-001-01-002-002.u2.p131.s1.w2,232120.0,233130.0
T,ps2013-001-01-002-002.u2.p131.s1.w3,233790.0,234290.0
T,ps2013-001-01-002-002.u2.p131.s1.w4,234360.0,235350.0
T,ps2013-001-01-002-002.u2.p132.s1.w1,241680.0,241930.0
T,ps2013-001-01-002-002.u2.p132.s1.w2,241940.0,243040.0
T,ps2013-001-01-002-002.u2.p132.s1.w3,243610.0,243950.0
T,ps2013-001-01-002-002.u2.p132.s1.w4,244010.0,244660.0
T,ps2013-001-01-002-002.u2.p133.s1.w1,248890.0,249080.0
T,ps2013-001-01-002-002.u2.p133.s1.w2,249090.0,249960.0
T,ps2013-001-01-002-002.u2.p133.s1.w3,250390.0,250700.0
T,ps2013-001-01-002-002.u2.p133.s1.w4,250730.0,251550.0
T,ps2013-001-01-002-002.u2.p134.s1.w1,255730.0,255890.0
T,ps2013-001-01-002-002.u2.p134.s1.w2,255900.0,256420.0
T,ps2013-001-01-002-002.u2.p134.s1.w3,256430.0,256660.0
T,ps2013-001-01-002-002.u2.p134.s1.w4,256670.0,257120.0
T,ps2013-001-01-002-002.u2.p135.s1.w1,260310.0,260450.0
T,ps2013-001-01-002-002.u2.p135.s1.w2,260970.0,261650.0
T,ps2013-001-01-002-002.u2.p135.s1.w3,262110.0,262300.0
T,ps2013-001-01-002-002.u2.p136.s1.w1,267050.0,267220.0
T,ps2013-001-01-002-002.u2.p136.s1.w2,267230.0,267750.0
T,ps2013-001-01-002-002.u2.p136.s1.w3,267830.0,268040.0
T,ps2013-001-01-002-002.u2.p136.s1.w4,268100.0,268670.0
T,ps2013-001-01-002-002.u2.p137.s1.w1,274960.0,275130.0
T,ps2013-001-01-002-002.u2.p137.s1.w2,275550.0,276020.0
T,ps2013-001-01-002-002.u2.p137.s1.w3,276030.0,276410.0
T,ps2013-001-01-002-002.u2.p137.s1.w4,276660.0,277520.0
T,ps2013-001-01-002-002.u2.p138.s1.w1,290330.0,290500.0
T,ps2013-001-01-002-002.u2.p138.s1.w2,290510.0,290990.0
T,ps2013-001-01-002-002.u2.p138.s1.w3,291000.0,291370.0
T,ps2013-001-01-002-002.u2.p138.s1.w4,291630.0,292040.0
T,ps2013-001-01-002-002.u2.p139.s1.w1,,300050.0
T,ps2013-001-01-002-002.u2.p139.s1.w2,300050.0,300710.0
T,ps2013-001-01-002-002.u2.p139.s1.w3,300720.0,301160.0
T,ps2013-001-01-002-002.u2.p139.s1.w4,301270.0,301420.0
T,ps2013-001-01-002-002.u2.p140.s1.w1,310370.0,310530.0
T,ps2013-001-01-002-002.u2.p140.s1.w2,310540.0,311050.0
T,ps2013-001-01-002-002.u2.p140.s1.w3,311300.0,311730.0
T,ps2013-001-01-002-002.u2.p140.s1.w4,312440.0,313100.0
T,ps2013-001-01-002-002.u2.p140.s1.w5,,
T,ps2013-001-01-002-002.u2.p141.s1.w1,321640.0,321860.0
T,ps2013-001-01-002-002.u2.p141.s1.w2,321870.0,322450.0
T,ps2013-001-01-002-002.u2.p141.s1.w3,322460.0,322750.0
T,ps2013-001-01-002-002.u2.p141.s1.w4,322760.0,323730.0
T,ps2013-001-01-002-002.u2.p142.s1.w1,332270.0,332640.0
T,ps2013-001-01-002-002.u2.p142.s1.w2,332650.0,333400.0
T,ps2013-001-01-002-002.u2.p142.s1.w3,333410.0,334160.0
T,ps2013-001-01-002-002.u2.p142.s1.w4,334170.0,334530.0
T,ps2013-001-01-002-002.u2.p143.s1.w1,339300.0,339530.0
T,ps2013-001-01-002-002.u2.p143.s1.w2,339540.0,340810.0
T,ps2013-001-01-002-002.u2.p143.s1.w3,343660.0,343910.0
T,ps2013-001-01-002-002.u2.p143.s1.w4,343920.0,344810.0
T,ps2013-001-01-002-002.u2.p144.s1.w1,348440.0,348640.0
T,ps2013-001-01-002-002.u2.p144.s1.w2,348650.0,349350.0
T,ps2013-001-01-002-002.u2.p144.s1.w3,351620.0,352010.0
T,ps2013-001-01-002-002.u2.p144.s1.w4,352590.0,352930.0
T,ps2013-001-01-002-002.u2.p145.s1.w1,358220.0,358400.0
T,ps2013-001-01-002-002.u2.p145.s1.w2,358410.0,358920.0
T,ps2013-001-01-002-002.u2.p145.s1.w3,358930.0,359310.0
T,ps2013-001-01-002-002.u2.p145.s1.w4,359320.0,359950.0
T,ps2013-001-01-002-002.u2.p146.s1.w1,363790.0,364030.0
T,ps2013-001-01-002-002.u2.p146.s1.w2,364040.0,365010.0
T,ps2013-001-01-002-002.u2.p146.s1.w3,,
T,ps2013-001-01-002-002.u2.p146.s1.w4,,
T,ps2013-001-01-002-002.u2.p147.s1.w1,365850.0,365980.0
T,ps2013-001-01-002-002.u2.p147.s1.w2,370630.0,371470.0
T,ps2013-001-01-002-002.u2.p147.s1.w3,374670.0,375020.0
T,ps2013-001-01-002-002.u2.p147.s1.w4,375030.0,375210.0
T,ps2013-001-01-002-002.u2.p148.s1.w1,384150.0,384300.0
T,ps2013-001-01-002-002.u2.p148.s1.w2,384310.0,384740.0
T,ps2013-001-01-002-002.u2.p148.s1.w3,384750.0,385120.0
T,ps2013-001-01-002-002.u2.p148.s1.w4,385220.0,386000.0
T,ps2013-001-01-002-002.u2.p149.s1.w1,392090.0,392280.0
T,ps2013-001-01-002-002.u2.p149.s1.w2,392290.0,392800.0
T,ps2013-001-01-002-002.u2.p149.s1.w3,,
T,ps2013-001-01-002-002.u2.p149.s1.w4,,
T,ps2013-001-01-002-002.u2.p150.s1.w1,392810.0,393010.0
T,ps2013-001-01-002-002.u2.p150.s1.w2,400430.0,401070.0
T,ps2013-001-01-002-002.u2.p150.s1.w3,401080.0,401280.0
T,ps2013-001-01-002-002.u2.p150.s1.w4,401290.0,402220.0
T,ps2013-001-01-002-002.u2.p151.s1.w1,406420.0,406610.0
T,ps2013-001-01-002-002.u2.p151.s1.w2,406620.0,407120.0
T,ps2013-001-01-002-002.u2.p151.s1.w3,407130.0,407220.0
T,ps2013-001-01-002-002.u2.p151.s1.w4,407710.0,408420.0
T,ps2013-001-01-002-002.u2.p152.s1.w1,413930.0,414240.0
T,ps2013-001-01-002-002.u2.p152.s1.w2,414250.0,414920.0
T,ps2013-001-01-002-002.u2.p152.s1.w3,415470.0,416480.0
T,ps2013-001-01-002-002.u2.p152.s1.w4,,
T,ps2013-001-01-002-002.u2.p153.s1.w1,421540.0,421770.0
T,ps2013-001-01-002-002.u2.p153.s1.w2,421780.0,422390.0
T,ps2013-001-01-002-002.u2.p153.s1.w3,,
T,ps2013-001-01-002-002.u2.p153.s1.w4,,
T,ps2013-001-01-002-002.u2.p154.s1.w1,422400.0,422660.0
T,ps2013-001-01-002-002.u2.p154.s1.w2,431860.0,432480.0
T,ps2013-001-01-002-002.u2.p154.s1.w3,433280.0,433590.0
T,ps2013-001-01-002-002.u2.p154.s1.w4,,
T,ps2013-001-01-002-002.u2.p155.s1.w1,446430.0,446750.0
T,ps2013-001-01-002-002.u2.p155.s1.w2,446880.0,447430.0
T,ps2013-001-01-002-002.u2.p155.s1.w3,447440.0,447680.0
T,ps2013-001-01-002-002.u2.p155.s1.w4,447690.0,448790.0
T,ps2013-001-01-002-002.u2.p156.s1.w1,455800.0,455980.0
T,ps2013-001-01-002-002.u2.p156.s1.w2,455990.0,456480.0
T,ps2013-001-01-002-002.u2.p156.s1.w3,456490.0,456750.0
T,ps2013-001-01-002-002.u2.p156.s1.w4,457620.0,457810.0
T,ps2013-001-01-002-002.u2.p157.s1.w1,464680.0,464890.0
T,ps2013-001-01-002-002.u2.p157.s1.w2,464900.0,465400.0
T,ps2013-001-01-002-002.u2.p157.s1.w3,465410.0,465900.0
T,ps2013-001-01-002-002.u2.p157.s1.w4,466450.0,466820.0
T,ps2013-001-01-002-002.u2.p158.s1.w1,478730.0,478900.0
T,ps2013-001-01-002-002.u2.p158.s1.w2,478910.0,479380.0
T,ps2013-001-01-002-002.u2.p158.s1.w3,479390.0,479830.0
T,ps2013-001-01-002-002.u2.p158.s1.w4,480040.0,480760.0
T,ps2013-001-01-002-002.u2.p159.s1.w1,491620.0,491810.0
T,ps2013-001-01-002-002.u2.p159.s1.w2,491820.0,492290.0
T,ps2013-001-01-002-002.u2.p159.s1.w3,492300.0,492430.0
T,ps2013-001-01-002-002.u2.p159.s1.w4,492580.0,493200.0
T,ps2013-001-01-002-002.u2.p160.s1.w1,499530.0,499740.0
T,ps2013-001-01-002-002.u2.p160.s1.w2,499750.0,500500.0
T,ps2013-001-01-002-002.u2.p160.s1.w3,500510.0,500940.0
T,ps2013-001-01-002-002.u2.p160.s1.w4,500950.0,501910.0
T,ps2013-001-01-002-002.u2.p161.s1.w1,506270.0,506480.0
T,ps2013-001-01-002-002.u2.p161.s1.w2,506490.0,507080.0
T,ps2013-001-01-002-002.u2.p161.s1.w3,507090.0,507600.0
T,ps2013-001-01-002-002.u2.p161.s1.w4,,
T,ps2013-001-01-002-002.u2.p162.s1.w1,507610.0,507980.0
T,ps2013-001-01-002-002.u2.p162.s1.w2,515730.0,516180.0
T,ps2013-001-01-002-002.u2.p162.s1.w3,,
T,ps2013-001-01-002-002.u2.p162.s1.w4,,
T,ps2013-001-01-002-002.u2.p163.s1.w1,516190.0,516340.0
T,ps2013-001-01-002-002.u2.p163.s1.w2,527360.0,527810.0
T,ps2013-001-01-002-002.u2.p163.s1.w3,527820.0,528340.0
T,ps2013-001-01-002-002.u2.p163.s1.w4,528410.0,529180.0
T,ps2013-001-01-002-002.u2.p164.s1.w1,534490.0,534630.0
T,ps2013-001-01-002-002.u2.p164.s1.w2,534640.0,535050.0
T,ps2013-001-01-002-002.u2.p164.s1.w3,535060.0,535510.0
T,ps2013-001-01-002-002.u2.p164.s1.w4,535520.0,536140.0
T,ps2013-001-01-002-002.u2.p165.s1.w1,543450.0,543610.0
T,ps2013-001-01-002-002.u2.p165.s1.w2,543620.0,544400.0
T,ps2013-001-01-002-002.u2.p165.s1.w3,544410.0,544730.0
T,ps2013-001-01-002-002.u2.p165.s1.w4,544740.0,545800.0
T,ps2013-001-01-002-002.u2.p166.s1.w1,550940.0,551110.0
T,ps2013-001-01-002-002.u2.p166.s1.w2,551120.0,551680.0
T,ps2013-001-01-002-002.u2.p166.s1.w3,551690.0,551950.0
T,ps2013-001-01-002-002.u2.p166.s1.w4,552370.0,553000.0
T,ps2013-001-01-002-002.u2.p167.s1.w1,562150.0,562340.0
T,ps2013-001-01-002-002.u2.p167.s1.w2,562350.0,562890.0
T,ps2013-001-01-002-002.u2.p167.s1.w3,,
T,ps2013-001-01-002-002.u2.p167.s1.w4,562950.0,563130.0
T,ps2013-001-01-002-002.u2.p168.s1.w1,569390.0,569550.0
T,ps2013-001-01-002-002.u2.p168.s1.w2,569560.0,570080.0
T,ps2013-001-01-002-002.u2.p168.s1.w3,570090.0,570560.0
T,ps2013-001-01-002-002.u2.p168.s1.w4,570570.0,571350.0
T,ps2013-001-01-002-002.u2.p169.s1.w1,581010.0,581220.0
T,ps2013-001-01-002-002.u2.p169.s1.w2,581230.0,581980.0
T,ps2013-001-01-002-002.u2.p169.s1.w3,582040.0,582280.0
T,ps2013-001-01-002-002.u2.p169.s1.w4,583190.0,583580.0
T,ps2013-001-01-002-002.u2.p170.s1.w1,590400.0,590660.0
T,ps2013-001-01-002-002.u2.p170.s1.w2,590670.0,591720.0
T,ps2013-001-01-002-002.u2.p170.s1.w3,591830.0,592210.0
T,ps2013-001-01-002-002.u2.p170.s1.w4,592220.0,592860.0
T,ps2013-001-01-002-002.u2.p171.s1.w1,600630.0,600820.0
T,ps2013-001-01-002-002.u2.p171.s1.w2,600830.0,601270.0
T,ps2013-001-01-002-002.u2.p171.s1.w3,,
T,ps2013-001-01-002-002.u2.p171.s1.w4,601280.0,601480.0
T,ps2013-001-01-002-002.u2.p172.s1.w1,618280.0,618450.0
T,ps2013-001-01-002-002.u2.p172.s1.w2,618460.0,619370.0
T,ps2013-001-01-002-002.u2.p172.s1.w3,,
T,ps2013-001-01-002-002.u2.p172.s1.w4,620010.0,620300.0
T,ps2013-001-01-002-002.u2.p173.s1.w1,626780.0,626980.0
T,ps2013-001-01-002-002.u2.p173.s1.w2,626990.0,627520.0
T,ps2013-001-01-002-002.u2.p173.s1.w3,,
T,ps2013-001-01-002-002.u2.p173.s1.w4,,
T,ps2013-001-01-002-002.u2.p174.s1.w1,,627570.0
T,ps2013-001-01-002-002.u2.p174.s1.w2,627570.0,628010.0
T,ps2013-001-01-002-002.u2.p174.s1.w3,628020.0,628080.0
T,ps2013-001-01-002-002.u2.p174.s1.w4,629610.0,630010.0
T,ps2013-001-01-002-002.u2.p175.s1.w1,636600.0,636730.0
T,ps2013-001-01-002-002.u2.p175.s1.w2,636740.0,637280.0
T,ps2013-001-01-002-002.u2.p175.s1.w3,637760.0,638000.0
T,ps2013-001-01-002-002.u2.p175.s1.w4,638010.0,638430.0
T,ps2013-001-01-002-002.u2.p176.s1.w1,647300.0,647530.0
T,ps2013-001-01-002-002.u2.p176.s1.w2,647540.0,648050.0
T,ps2013-001-01-002-002.u2.p176.s1.w3,648060.0,648260.0
T,ps2013-001-01-002-002.u2.p176.s1.w4,648270.0,648950.0
T,ps2013-001-01-002-002.u2.p177.s1.w1,657060.0,657300.0
T,ps2013-001-01-002-002.u2.p177.s1.w2,657310.0,658250.0
T,ps2013-001-01-002-002.u2.p177.s1.w3,,
T,ps2013-001-01-002-002.u2.p177.s1.w4,658450.0,658650.0
T,ps2013-001-01-002-002.u2.p178.s1.w1,669540.0,669730.0
T,ps2013-001-01-002-002.u2.p178.s1.w2,669740.0,670580.0
T,ps2013-001-01-002-002.u2.p178.s1.w3,670640.0,671010.0
T,ps2013-001-01-002-002.u2.p178.s1.w4,671020.0,671940.0
T,ps2013-001-01-002-002.u2.p179.s1.w1,678080.0,678270.0
T,ps2013-001-01-002-002.u2.p179.s1.w2,678280.0,678920.0
T,ps2013-001-01-002-002.u2.p179.s1.w3,,
T,ps2013-001-01-002-002.u2.p179.s1.w4,,
T,ps2013-001-01-002-002.u2.p180.s1.w1,678930.0,679140.0
T,ps2013-001-01-002-002.u2.p180.s1.w2,688460.0,688960.0
T,ps2013-001-01-002-002.u2.p180.s1.w3,689330.0,689780.0
T,ps2013-001-01-002-002.u2.p180.s1.w4,689790.0,690430.0
T,ps2013-001-01-002-002.u2.p181.s1.w1,696950.0,697200.0
T,ps2013-001-01-002-002.u2.p181.s1.w2,697210.0,698090.0
T,ps2013-001-01-002-002.u2.p181.s1.w3,698100.0,698660.0
T,ps2013-001-01-002-002.u2.p181.s1.w4,,
T,ps2013-001-01-002-002.u2.p182.s1.w1,99940.0,100200.0
T,ps2013-001-01-002-002.u2.p182.s1.w2,106640.0,107060.0
T,ps2013-001-01-002-002.u2.p182.s1.w3,107070.0,107420.0
T,ps2013-001-01-002-002.u2.p182.s1.w4,107430.0,107760.0
T,ps2013-001-01-002-002.u2.p183.s1.w1,121320.0,121470.0
T,ps2013-001-01-002-002.u2.p183.s1.w2,121480.0,121940.0
T,ps2013-001-01-002-002.u2.p183.s1.w3,121950.0,122060.0
T,ps2013-001-01-002-002.u2.p183.s1.w4,122610.0,123100.0
T,ps2013-001-01-002-002.u2.p184.s1.w1,129230.0,129480.0
T,ps2013-001-01-002-002.u2.p184.s1.w2,129490.0,130150.0
T,ps2013-001-01-002-002.u2.p184.s1.w3,130160.0,130450.0
T,ps2013-001-01-002-002.u2.p184.s1.w4,130460.0,131490.0
T,ps2013-001-01-002-002.u2.p185.s1.w1,139770.0,140060.0
T,ps2013-001-01-002-002.u2.p185.s1.w2,140070.0,141150.0
T,ps2013-001-01-002-002.u2.p185.s1.w3,142300.0,142720.0
T,ps2013-001-01-002-002.u2.p185.s1.w4,,
T,ps2013-001-01-002-002.u2.p186.s1.w1,149350.0,149520.0
T,ps2013-001-01-002-002.u2.p186.s1.w2,149530.0,150120.0
T,ps2013-001-01-002-002.u2.p186.s1.w3,150130.0,150670.0
T,ps2013-001-01-002-002.u2.p186.s1.w4,150680.0,151520.0
T,ps2013-001-01-002-002.u2.p187.s1.w1,156520.0,156670.0
T,ps2013-001-01-002-002.u2.p187.s1.w2,156680.0,157120.0
T,ps2013-001-01-002-002.u2.p187.s1.w3,157130.0,157580.0
T,ps2013-001-01-002-002.u2.p187.s1.w4,157900.0,158580.0
T,ps2013-001-01-002-002.u2.p188.s1.w1,166600.0,166800.0
T,ps2013-001-01-002-002.u2.p188.s1.w2,166810.0,167500.0
T,ps2013-001-01-002-002.u2.p188.s1.w3,168690.0,169140.0
T,ps2013-001-01-002-002.u2.p188.s1.w4,169150.0,169410.0
T,ps2013-001-01-002-002.u2.p189.s1.w1,177930.0,178150.0
T,ps2013-001-01-002-002.u2.p189.s1.w2,178160.0,179030.0
T,ps2013-001-01-002-002.u2.p189.s1.w3,179040.0,179840.0
T,ps2013-001-01-002-002.u2.p189.s1.w4,,
T,ps2013-001-01-002-002.u2.p190.s1.w1,186850.0,187070.0
T,ps2013-001-01-002-002.u2.p190.s1.w2,187080.0,187820.0
T,ps2013-001-01-002-002.u2.p190.s1.w3,187830.0,188670.0
T,ps2013-001-01-002-002.u2.p190.s1.w4,188740.0,189480.0
T,ps2013-001-01-002-002.u2.p191.s1.w1,195760.0,196010.0
T,ps2013-001-01-002-002.u2.p191.s1.w2,196020.0,196960.0
T,ps2013-001-01-002-002.u2.p191.s1.w3,197590.0,198670.0
T,ps2013-001-01-002-002.u2.p191.s1.w4,199090.0,199680.0
T,ps2013-001-01-002-002.u2.p192.s1.w1,207980.0,208160.0
T,ps2013-001-01-002-002.u2.p192.s1.w2,208170.0,208990.0
T,ps2013-001-01-002-002.u2.p192.s1.w3,209150.0,209380.0
T,ps2013-001-01-002-002.u2.p192.s1.w4,209480.0,210510.0
T,ps2013-001-01-002-002.u2.p193.s1.w1,218260.0,218600.0
T,ps2013-001-01-002-002.u2.p193.s1.w2,218610.0,219690.0
T,ps2013-001-01-002-002.u2.p193.s1.w3,219700.0,220110.0
T,ps2013-001-01-002-002.u2.p193.s1.w4,220120.0,220780.0
T,ps2013-001-01-002-002.u2.p194.s1.w1,229260.0,229460.0
T,ps2013-001-01-002-002.u2.p194.s1.w2,229470.0,230340.0
T,ps2013-001-01-002-002.u2.p194.s1.w3,230790.0,231330.0
T,ps2013-001-01-002-002.u2.p194.s1.w4,231340.0,232080.0
T,ps2013-001-01-002-002.u2.p195.s1.w1,240550.0,240770.0
T,ps2013-001-01-002-002.u2.p195.s1.w2,240780.0,241760.0
T,ps2013-001-01-002-002.u2.p195.s1.w3,243320.0,244010.0
T,ps2013-001-01-002-002.u2.p195.s1.w4,,
T,ps2013-001-01-002-002.u2.p196.s1.w1,244020.0,244290.0
T,ps2013-001-01-002-002.u2.p196.s1.w2,255110.0,255920.0
T,ps2013-001-01-002-002.u2.p196.s1.w3,256730.0,257070.0
T,ps2013-001-01-002-002.u2.p196.s1.w4,257080.0,257740.0
T,ps2013-001-01-002-002.u2.p197.s1.w1,264600.0,264770.0
T,ps2013-001-01-002-002.u2.p197.s1.w2,264780.0,265330.0
T,ps2013-001-01-002-002.u2.p197.s1.w3,265340.0,265840.0
T,ps2013-001-01-002-002.u2.p197.s1.w4,266120.0,266650.0
T,ps2013-001-01-002-002.u2.p198.s1.w1,274370.0,274550.0
T,ps2013-001-01-002-002.u2.p198.s1.w2,274560.0,275130.0
T,ps2013-001-01-002-002.u2.p198.s1.w3,275140.0,275430.0
T,ps2013-001-01-002-002.u2.p198.s1.w4,275440.0,275810.0
T,ps2013-001-01-002-002.u2.p199.s1.w1,275820.0,276660.0
T,ps2013-001-01-002-002.u2.p199.s1.w2,276660.0,
T,ps2013-001-01-002-002.u2.p199.s1.w3,,
T,ps2013-001-01-002-002.u2.p199.s1.w4,,
T,ps2013-001-01-002-002.u2.p200.s1.w1,285300.0,285520.0
T,ps2013-001-01-002-002.u2.p200.s1.w2,285530.0,286120.0
T,ps2013-001-01-002-002.u2.p200.s1.w3,300470.0,300670.0
T,ps2013-001-01-002-002.u2.p200.s1.w4,300680.0,301490.0
T,ps2013-001-01-002-002.u2.p201.s1.w1,312670.0,313140.0
T,ps2013-001-01-002-002.u2.p201.s1.w2,313150.0,313570.0
T,ps2013-001-01-002-002.u2.p201.s1.w4,313580.0,314010.0
T,ps2013-001-01-002-002.u2.p201.s1.w6,314010.0,314020.0
T,ps2013-001-01-002-002.u2.p201.s1.w7,314020.0,314120.0
T,ps2013-001-01-002-002.u2.p201.s1.w8,314130.0,314250.0
T,ps2013-001-01-002-002.u2.p201.s1.w9,314250.0,314260.0
T,ps2013-001-01-002-002.u2.p201.s1.w11,314250.0,314260.0
T,ps2013-001-01-002-002.u2.p201.s1.w12,314260.0,314510.0
T,ps2013-001-01-002-002.u2.p201.s1.w13,315160.0,315500.0
T,ps2013-001-01-002-002.u2.p201.s1.w14,315770.0,316390.0
T,ps2013-001-01-002-002.u2.p201.s1.w16,316400.0,316610.0
T,ps2013-001-01-002-002.u2.p201.s1.w17,316620.0,317000.0
T,ps2013-001-01-002-002.u2.p201.s1.w18,317230.0,318060.0
T,ps2013-001-01-002-002.u2.p201.s1.w19,318580.0,318650.0
T,ps2013-001-01-002-002.u2.p201.s1.w20,318660.0,319260.0
T,ps2013-001-01-002-002.u2.p201.s1.w22,319270.0,319450.0
T,ps2013-001-01-002-002.u2.p201.s1.w23,,
T,ps2013-001-01-002-002.u2.p201.s1.w24,,
T,ps2013-001-01-002-002.u2.p201.s1.w25,319460.0,319880.0
T,ps2013-001-01-002-002.u2.p201.s1.w26,319890.0,320240.0
T,ps2013-001-01-002-002.u2.p201.s1.w28,320240.0,320320.0
T,ps2013-001-01-002-002.u2.p201.s1.w29,320320.0,321070.0
T,ps2013-001-01-002-002.u2.p201.s1.w30,321080.0,321120.0
T,ps2013-001-01-002-002.u2.p201.s1.w31,321130.0,321910.0
T,ps2013-001-01-002-002.u2.p201.s2.w1,324010.0,324340.0
T,ps2013-001-01-002-002.u2.p201.s2.w2,324350.0,324880.0
T,ps2013-001-01-002-002.u2.p201.s2.w4,325550.0,325780.0
T,ps2013-001-01-002-002.u2.p201.s2.w5,325790.0,325880.0
T,ps2013-001-01-002-002.u2.p201.s2.w6,325890.0,326230.0
T,ps2013-001-01-002-002.u2.p201.s2.w7,326240.0,326740.0
T,ps2013-001-01-002-002.u2.p201.s2.w8,326750.0,327260.0
T,ps2013-001-01-002-002.u3.p1.s1.w1,342270.0,342420.0
T,ps2013-001-01-002-002.u3.p1.s1.w2,342420.0,342430.0
T,ps2013-001-01-002-002.u3.p1.s1.w3,342430.0,343000.0
T,ps2013-001-01-002-002.u3.p1.s1.w4,343770.0,344150.0
T,ps2013-001-01-002-002.u3.p1.s1.w5,344480.0,345010.0
T,ps2013-001-01-002-002.u3.p1.s1.w6,345020.0,345530.0
T,ps2013-001-01-002-002.u3.p1.s1.w7,345540.0,346460.0
T,ps2013-001-01-002-002.u3.p1.s1.w9,346470.0,346680.0
T,ps2013-001-01-002-002.u3.p1.s1.w10,348120.0,348530.0
T,ps2013-001-01-002-002.u3.p1.s1.w11,348540.0,348700.0
T,ps2013-001-01-002-002.u3.p1.s1.w12,348710.0,348940.0
T,ps2013-001-01-002-002.u3.p1.s1.w13,348950.0,349200.0
T,ps2013-001-01-002-002.u3.p1.s1.w14,349210.0,350130.0
T,ps2013-001-01-002-002.u3.p1.s1.w16,350700.0,351100.0
T,ps2013-001-01-002-002.u3.p1.s1.w17,351110.0,351900.0
T,ps2013-001-01-002-002.u3.p1.s1.w19,351910.0,352110.0
T,ps2013-001-01-002-002.u3.p1.s1.w20,352580.0,353290.0
T,ps2013-001-01-002-002.u3.p1.s1.w21,353300.0,353700.0
T,ps2013-001-01-002-002.u3.p1.s1.w22,353880.0,354130.0
T,ps2013-001-01-002-002.u3.p1.s1.w23,354140.0,354680.0
T,ps2013-001-01-002-002.u3.p1.s1.w24,354690.0,355170.0
T,ps2013-001-01-002-002.u3.p1.s1.w25,355180.0,355780.0
T,ps2013-001-01-002-002.u3.p1.s1.w26,356120.0,356780.0
T,ps2013-001-01-002-002.u3.p1.s1.w27,356790.0,357530.0
T,ps2013-001-01-002-002.u3.p1.s2.w1,358600.0,358820.0
T,ps2013-001-01-002-002.u3.p1.s2.w2,358830.0,359330.0
T,ps2013-001-01-002-002.u3.p1.s2.w3,360640.0,361680.0
T,ps2013-001-01-002-002.u3.p1.s2.w4,363420.0,363950.0
T,ps2013-001-01-002-002.u3.p1.s2.w5,363960.0,364330.0
T,ps2013-001-01-002-002.u3.p1.s2.w6,364440.0,365110.0
T,ps2013-001-01-002-002.u3.p1.s2.w7,365120.0,365520.0
T,ps2013-001-01-002-002.u3.p1.s2.w8,365530.0,366260.0
T,ps2013-001-01-002-002.u3.p1.s2.w9,366270.0,367130.0
T,ps2013-001-01-002-002.u3.p2.s1.w1,368350.0,368780.0
T,ps2013-001-01-002-002.u3.p2.s1.w2,369200.0,369800.0
T,ps2013-001-01-002-002.u3.p2.s1.w3,369810.0,370070.0
T,ps2013-001-01-002-002.u3.p2.s1.w4,370170.0,370700.0
T,ps2013-001-01-002-002.u3.p2.s1.w6,370710.0,370980.0
T,ps2013-001-01-002-002.u3.p2.s1.w7,371170.0,371670.0
T,ps2013-001-01-002-002.u3.p2.s1.w8,372620.0,373150.0
T,ps2013-001-01-002-002.u3.p2.s1.w10,373160.0,373300.0
T,ps2013-001-01-002-002.u3.p2.s1.w11,373310.0,373610.0
T,ps2013-001-01-002-002.u3.p2.s1.w12,373620.0,374200.0
T,ps2013-001-01-002-002.u3.p2.s1.w13,374210.0,374890.0
T,ps2013-001-01-002-002.u3.p2.s1.w14,374900.0,375100.0
T,ps2013-001-01-002-002.u3.p2.s1.w15,375110.0,375600.0
T,ps2013-001-01-002-002.u3.p2.s1.w16,375610.0,375970.0
T,ps2013-001-01-002-002.u3.p2.s1.w17,375980.0,376400.0
T,ps2013-001-01-002-002.u3.p2.s1.w18,376410.0,376720.0
